iter	BalancedAccuracy	Logloss
0	0.7477477477	0.6607414452
5	0.8423423423	0.5293536831
10	0.9054054054	0.439537392
15	0.9459459459	0.376755345
20	0.9504504505	0.3299235438
